1,Khusbu Bubna
1,Sujit Kumar Chakrabarti
2,Sujit Kumar Chakrabarti
2,Meenakshi D'Souza
3,Sujit Kumar Chakrabarti
4,Sujit Kumar Chakrabarti
4,Ramesh S.
5,Sujit Kumar Chakrabarti
5,Prashant Kumar
6,Sujit Kumar Chakrabarti
6,Srihari Sukumaran
7,Sukanta Bhatt
7,Sujit Kumar Chakrabarti
8,Sujit Kumar Chakrabarti
8,Prashant Kumar
9,Sujit Kumar Chakrabarti
9,Y. N. Srikant
10,Sujit Kumar Chakrabarti
10,Y. N. Srikant
11,Sujit Kumar Chakrabarti
11,Reswin Rodriquez
12,Rajanikanth N. Kashi
12,Meenakshi D'Souza
12,S Kumar Baghel
12,Nitin Arun Kulkarni
13,Rajanikanth N. Kashi
13,Y Narahari
13,N N S S R K Prasad
13,R S Rao
14,Rajanikanth N. Kashi
14,Y Narahari
14,N N S S R K Prasad
14,R S Rao
15,Rajanikanth N. Kashi
15,Y Narahari
15,N N S S R K Prasad
15,R S Rao
16,Rajanikanth N. Kashi
16,Charles Law
16,Gary Spence
16,Greg Lacefield
16,Nainatara Kumble
17,Rajanikanth N. Kashi
17,Mohandas Amarnathan
18,Meenakshi D'Souza
18,Manoranjan Satpathy
18,Ramesh S.
19,Meenakshi D'Souza
19,Teodor Knapik
20,Meenakshi D'Souza
20,Srinivasa Gopal
21,Meenakshi D'Souza
21,Abhishek Bhatnagar
21,Namit Chaturvedi
21,Atish Datta Chowdhury
21,Arul Ganesh
22,Meenakshi D'Souza
22,Kuntal Das Barman
22,Ganesh Babu Kandhan
22,Karan Sehgal
23,Meenakshi D'Souza
23,Abhishek Bhatnagar
23,Sudeepa Roy
24,Meenakshi D'Souza
24,Namit Chaturvedi
24,Atish Datta Chowdhury
24,Arul Ganesh
25,Meenakshi D'Souza
25,Ramaswamy Ramanujam
26,P. Madhusudan
26,Meenakshi D'Souza
27,Meenakshi D'Souza
27,Ramaswamy Ramanujam
28,Gracy Philip
28,Meenakshi D'Souza
29,Rajanikanth N. Kashi
29,Meenakshi D'Souza
29,S Kumar Baghel
29,Nitin Arun Kulkarni
30,Rajanikanth N. Kashi
30,Perumal Kumar
31,Rajanikanth N. Kashi
31,Perumal Kumar
31,Vanathi Ravindran
32,Rajanikanth N. Kashi
32,Fernandes Cercuncesao
32,Prabhu Kota
33,Rajanikanth N. Kashi
33,Nainatara Kumble
33,Muralikrishna Sampath
34,Palani Kumar Subramanian
34,Meenakshi D'Souza
35,Dhinakar Kalyanasundaram
35,Meenakshi D'Souza
36,Ramakrishnan Raman
36,Meenakshi D'Souza
37,Gracy Philip
37,Meenakshi D'Souza
37,Varsha P. Suresh
38,Palani Kumar
38,Meenakshi D'Souza
38,Debabrata Das
39,Avijit Mandal
39,Raoul Jetley
39,Meenakshi D'Souza
39,Sreeja S Nair
40,Maithily Diwan
40,Meenakshi D'Souza
41,Hilam Patel
41,Meenakshi D'Souza
41,Nagesh Tikare
42,Gracy Philip
42,Meenakshi D'Souza
42,V. P. Abidha
43,Ramakrishnan Raman
43,Meenakshi D'Souza
44,Ramakrishnan Raman
44,Meenakshi D'Souza
45,Gracy Philip
45,Meenakshi D'Souza
46,Rajanikanth N Kashi
46,Meenakshi D'Souza
46,Koyalkar Raman Kishore
47,Ramakrishnan Raman
47,Meenakshi D'Souza
48,Surabhi Jha
48,Meenakshi D'Souza
48,Raoul Jetley
48,Sreeja Nair
49,Avijit Mandal
49,Meenakshi D'Souza
49,Devina Mohan
49,Raoul Jetley
49,Sreeja Nair
50,Abhishek Singh
50,Meenakshi D'Souza
50,Arshad Ebrahim
51,Sujit Kumar Chakrabarti
51,Karthika Venkatesan
52,Shivam Kumar Singh
52,Sujit Kumar Chakrabarti
52,Dinesh Babu Jayagopi
53,Nikhila KN
53,Sujit Kumar Chakrabarti
53,Manish Gupta
